<?xml version="1.0" encoding="UTF-8"?>
<project-private xmlns="http://www.netbeans.org/ns/project-private/1">
    <editor-bookmarks xmlns="http://www.netbeans.org/ns/editor-bookmarks/2" lastBookmarkId="0"/>
    <open-files xmlns="http://www.netbeans.org/ns/projectui-open-files/2">
        <group>
            <file>file:/C:/Users/Uros/Documents/NetBeansProjects/CS102/src/scene/RegisterScene.java</file>
            <file>file:/C:/Users/Uros/Documents/NetBeansProjects/CS102/src/entity/Klijent.java</file>
            <file>file:/C:/Users/Uros/Documents/NetBeansProjects/CS102/src/controllers/HotelController.java</file>
            <file>file:/C:/Users/Uros/Documents/NetBeansProjects/CS102/src/entity/Hotel.java</file>
            <file>file:/C:/Users/Uros/Documents/NetBeansProjects/CS102/src/exceptions/PasswordException.java</file>
            <file>file:/C:/Users/Uros/Documents/NetBeansProjects/CS102/src/exceptions/EmailException.java</file>
            <file>file:/C:/Users/Uros/Documents/NetBeansProjects/CS102/src/main/NewMain.java</file>
            <file>file:/C:/Users/Uros/Documents/NetBeansProjects/CS102/src/exceptions/KlijentException.java</file>
            <file>file:/C:/Users/Uros/Documents/NetBeansProjects/CS102/src/util/AlertMessage.java</file>
            <file>file:/C:/Users/Uros/Documents/NetBeansProjects/CS102/src/entity/Rezervacija.java</file>
            <file>file:/C:/Users/Uros/Documents/NetBeansProjects/CS102/src/exceptions/TelefonException.java</file>
            <file>file:/C:/Users/Uros/Documents/NetBeansProjects/CS102/src/scene/RezervacijeScene.java</file>
            <file>file:/C:/Users/Uros/Documents/NetBeansProjects/CS102/src/controllers/KlijentControllers.java</file>
            <file>file:/C:/Users/Uros/Documents/NetBeansProjects/CS102/src/scene/DodajRezervacijuScene.java</file>
            <file>file:/C:/Users/Uros/Documents/NetBeansProjects/CS102/src/main/MainConsole.java</file>
            <file>file:/C:/Users/Uros/Documents/NetBeansProjects/CS102/src/scene/IzmeniRezervacijuScene.java</file>
        </group>
    </open-files>
</project-private>
